<?xml version="1.0" encoding="UTF-8" standalone="no"?>
<juego>
    <turnoJugador>0</turnoJugador>
    <supervivientes>
        <superviviente>
            <nombre>a</nombre>
            <posicion>2,2</posicion>
            <vivo>true</vivo>
            <numAcciones>3</numAcciones>
            <elimZombies>1</elimZombies>
            <heridas>0</heridas>
            <armasActivas>
                <arma>
                    <nombre>Bazooka </nombre>
                    <potencia>3</potencia>
                    <alcanceMax>5</alcanceMax>
                    <numDados>5</numDados>
                    <valorExito>2</valorExito>
                </arma>
            </armasActivas>
            <inventario/>
            <exitos>4</exitos>
        </superviviente>
        <superviviente>
            <nombre>b</nombre>
            <posicion>7,4</posicion>
            <vivo>false</vivo>
            <numAcciones>3</numAcciones>
            <elimZombies>0</elimZombies>
            <heridas>2</heridas>
            <armasActivas>
                <arma>
                    <nombre>Ballesta </nombre>
                    <potencia>2</potencia>
                    <alcanceMax>3</alcanceMax>
                    <numDados>3</numDados>
                    <valorExito>4</valorExito>
                </arma>
            </armasActivas>
            <inventario/>
            <exitos>0</exitos>
        </superviviente>
    </supervivientes>
    <zombies>
        <zombi>
            <clase>ZCaminanteBerserker</clase>
            <posicion>5,4</posicion>
            <vivo>true</vivo>
        </zombi>
        <zombi>
            <clase>ZCorredorNormal</clase>
            <posicion>4,4</posicion>
            <vivo>true</vivo>
        </zombi>
        <zombi>
            <clase>ZCaminanteBerserker</clase>
            <posicion>5,4</posicion>
            <vivo>true</vivo>
        </zombi>
        <zombi>
            <clase>ZAbominacionBerserker</clase>
            <posicion>4,3</posicion>
            <vivo>true</vivo>
        </zombi>
        <zombi>
            <clase>ZCaminanteNormal</clase>
            <posicion>5,5</posicion>
            <vivo>true</vivo>
        </zombi>
        <zombi>
            <clase>ZCorredorNormal</clase>
            <posicion>5,4</posicion>
            <vivo>true</vivo>
        </zombi>
        <zombi>
            <clase>ZCaminanteBerserker</clase>
            <posicion>2,3</posicion>
            <vivo>true</vivo>
        </zombi>
        <zombi>
            <clase>ZCaminanteBerserker</clase>
            <posicion>6,4</posicion>
            <vivo>true</vivo>
        </zombi>
        <zombi>
            <clase>ZCaminanteToxico</clase>
            <posicion>5,5</posicion>
            <vivo>true</vivo>
        </zombi>
        <zombi>
            <clase>ZCaminanteNormal</clase>
            <posicion>5,4</posicion>
            <vivo>false</vivo>
        </zombi>
        <zombi>
            <clase>ZCaminanteToxico</clase>
            <posicion>3,2</posicion>
            <vivo>true</vivo>
        </zombi>
        <zombi>
            <clase>ZCaminanteToxico</clase>
            <posicion>3,2</posicion>
            <vivo>true</vivo>
        </zombi>
        <zombi>
            <clase>ZCaminanteBerserker</clase>
            <posicion>5,4</posicion>
            <vivo>true</vivo>
        </zombi>
        <zombi>
            <clase>ZCaminanteNormal</clase>
            <posicion>2,4</posicion>
            <vivo>true</vivo>
        </zombi>
        <zombi>
            <clase>ZCaminanteBerserker</clase>
            <posicion>2,1</posicion>
            <vivo>true</vivo>
        </zombi>
        <zombi>
            <clase>ZCorredorNormal</clase>
            <posicion>5,4</posicion>
            <vivo>true</vivo>
        </zombi>
        <zombi>
            <clase>ZCorredorNormal</clase>
            <posicion>1,2</posicion>
            <vivo>true</vivo>
        </zombi>
        <zombi>
            <clase>ZAbominacionNormal</clase>
            <posicion>3,1</posicion>
            <vivo>true</vivo>
        </zombi>
        <zombi>
            <clase>ZCorredorToxico</clase>
            <posicion>2,2</posicion>
            <vivo>true</vivo>
        </zombi>
        <zombi>
            <clase>ZCaminanteNormal</clase>
            <posicion>5,5</posicion>
            <vivo>true</vivo>
        </zombi>
        <zombi>
            <clase>ZCaminanteToxico</clase>
            <posicion>0,0</posicion>
            <vivo>true</vivo>
        </zombi>
        <zombi>
            <clase>ZCaminanteBerserker</clase>
            <posicion>2,5</posicion>
            <vivo>true</vivo>
        </zombi>
    </zombies>
    <objetivo>0,0</objetivo>
    <tamanoCuadricula>8,8</tamanoCuadricula>
    <listaCasillasBuscadas>
        <casilla>3,7</casilla>
        <casilla>6,7</casilla>
    </listaCasillasBuscadas>
</juego>
